Name,Age,Salary,Department
Alice,25.0,50000.0,HR
Bob,25.666666666666668,60000.0,IT
Alice,30.0,51750.0,Finance
David,22.0,45000.0,IT
Eva,25.666666666666668,52000.0,IT
